{"stats":{"minecraft:mined":{"biomesoplenty:watergrass":1,"farmersdelight:wild_carrots":10,"minecraft:dandelion":2,"minecraft:crafting_table":4,"minecraft:grass_block":1,"minecraft:tall_grass":7,"botania:blue_mystical_flower":3,"minecraft:oak_planks":2,"minecraft:sugar_cane":2,"minecraft:large_fern":1,"botania:pink_mystical_flower":7,"botania:purple_mystical_flower":4,"botania:magenta_mystical_flower":2,"minecraft:furnace":2,"minecraft:pumpkin":8,"minecraft:grass":9,"botania:white_mystical_flower":9,"minecraft:coal_ore":6,"minecraft:oak_log":37,"minecraft:gravel":4,"minecraft:dirt":4,"butchersdelight:piperbush":1,"minecraft:stone":15,"botania:light_blue_mystical_flower":6,"minecraft:fern":2,"minecraft:oak_leaves":11,"farmersdelight:wild_potatoes":2},"minecraft:custom":{"minecraft:interact_with_furnace":9,"minecraft:mob_kills":23,"minecraft:interact_with_crafting_table":9,"minecraft:play_one_minute":44913,"minecraft:leave_game":3,"minecraft:time_since_death":20851,"minecraft:climb_one_cm":654,"minecraft:time_since_rest":20879,"minecraft:sprint_one_cm":119627,"minecraft:damage_taken":1714,"minecraft:walk_one_cm":70248,"minecraft:drop":9,"minecraft:damage_dealt":2659,"minecraft:swim_one_cm":6929,"minecraft:fly_one_cm":165376,"minecraft:crouch_one_cm":8416,"minecraft:deaths":6,"minecraft:sneak_time":2742,"minecraft:walk_under_water_one_cm":1703,"minecraft:jump":924,"minecraft:walk_on_water_one_cm":11141,"minecraft:fall_one_cm":18611},"minecraft:killed_by":{"minecraft:player":1,"betteranimalsplus:boar":1,"minecraft:creeper":1,"minecraft:spider":1},"minecraft:killed":{"betteranimalsplus:lamprey":1,"betteranimalsplus:turkey":2,"betteranimalsplus:boar":1,"betteranimalsplus:eel_freshwater":2,"minecraft:sheep":5,"minecraft:zombie":1,"minecraft:cow":5,"betteranimalsplus:goat":6},"minecraft:used":{"minecraft:cooked_mutton":3,"minecraft:stone_pickaxe":15,"minecraft:oak_planks":26,"minecraft:wooden_pickaxe":8,"minecraft:dirt":5,"minecraft:crafting_table":5,"minecraft:carrot":7,"minecraft:wooden_axe":104,"minecraft:apple":1,"minecraft:gravel":3,"minecraft:stone_axe":29,"betteranimalsplus:eel_meat_raw":4,"minecraft:furnace":2,"minecraft:oak_sapling":8,"minecraft:dandelion":2},"minecraft:crafted":{"minecraft:oak_planks":108,"minecraft:crafting_table":3,"farmersdelight:flint_knife":1,"minecraft:wooden_pickaxe":1,"minecraft:furnace":1,"minecraft:stone_axe":1,"minecraft:cooked_mutton":8,"minecraft:air":0,"minecraft:stick":16,"minecraft:stone_pickaxe":1,"minecraft:wooden_axe":2},"minecraft:dropped":{"butchersdelight:dead_cow":1,"minecraft:wheat_seeds":1,"butchersdelight:deadsheep":1,"minecraft:oak_planks":20,"betteranimalsplus:calamari_raw":1,"minecraft:wooden_axe":1,"butchersdelight:piper":3},"minecraft:picked_up":{"minecraft:wooden_axe":3,"minecraft:crafting_table":5,"betteranimalsplus:calamari_raw":2,"minecraft:feather":3,"minecraft:leather":13,"minecraft:potato":2,"minecraft:flint":1,"minecraft:oak_log":57,"minecraft:dirt":5,"botania:light_blue_mystical_flower":6,"botania:magenta_mystical_flower":2,"butchersdelight:dead_cow":6,"minecraft:apple":1,"minecraft:wheat_seeds":4,"botania:pink_mystical_flower":9,"botania:purple_mystical_flower":3,"minecraft:sugar_cane":3,"minecraft:oak_planks":72,"minecraft:furnace":2,"minecraft:stick":22,"butchersdelight:piper":3,"minecraft:pumpkin":8,"minecraft:dandelion":2,"minecraft:gravel":3,"minecraft:carrot":9,"betteranimalsplus:turkey_leg_raw":3,"botania:white_mystical_flower":18,"betteranimalsplus:eel_meat_raw":5,"butchersdelight:deadsheep":4,"minecraft:rotten_flesh":2,"botania:blue_mystical_flower":3,"minecraft:gray_wool":1,"minecraft:oak_sapling":12,"minecraft:mutton":11,"minecraft:coal":10,"minecraft:white_wool":9,"minecraft:cobblestone":15}},"DataVersion":2586}