{"stats":{"minecraft:mined":{"biomesoplenty:watergrass":26,"botania:red_mystical_flower":3,"farmersdelight:wild_carrots":6,"minecraft:dandelion":2,"minecraft:crafting_table":3,"minecraft:torch":1,"minecraft:grass_block":23,"minecraft:rose_bush":3,"minecraft:tall_grass":71,"minecraft:oak_planks":5,"butchersdelight:deadchickenblock":2,"minecraft:wall_torch":1,"minecraft:seagrass":1,"minecraft:birch_planks":6,"botania:cyan_mystical_flower":1,"minecraft:furnace":1,"minecraft:birch_log":14,"minecraft:iron_ore":14,"farmersdelight:cutting_board":1,"minecraft:birch_leaves":1,"minecraft:pumpkin":2,"minecraft:grass":47,"minecraft:oak_log":43,"minecraft:dirt":30,"butchersdelight:piperbush":2,"minecraft:stone":108,"minecraft:white_wool":4,"minecraft:oak_leaves":7,"biomesoplenty:reed":17,"minecraft:fern":9},"minecraft:custom":{"minecraft:interact_with_furnace":23,"minecraft:mob_kills":11,"minecraft:interact_with_crafting_table":31,"goblintraders:trade_with_goblin":5,"minecraft:play_one_minute":65036,"minecraft:time_since_death":10508,"minecraft:sleep_in_bed":2,"minecraft:climb_one_cm":1822,"minecraft:time_since_rest":166,"minecraft:sprint_one_cm":165554,"minecraft:damage_taken":2646,"minecraft:walk_one_cm":115610,"minecraft:drop":3,"minecraft:damage_dealt":1220,"minecraft:swim_one_cm":780,"minecraft:fly_one_cm":278340,"minecraft:open_chest":6,"minecraft:crouch_one_cm":228,"minecraft:deaths":10,"minecraft:sneak_time":230,"minecraft:walk_under_water_one_cm":93,"minecraft:jump":1640,"minecraft:walk_on_water_one_cm":26951,"minecraft:fall_one_cm":24870},"minecraft:broken":{"minecraft:stone_pickaxe":1,"minecraft:wooden_axe":1},"minecraft:killed_by":{"minecraft:skeleton":1,"betteranimalsplus:boar":8},"minecraft:killed":{"minecraft:spider":1,"betteranimalsplus:boar":3,"minecraft:skeleton":1,"minecraft:sheep":3,"minecraft:chicken":2},"minecraft:used":{"minecraft:water_bucket":1,"minecraft:rose_bush":1,"minecraft:birch_planks":8,"minecraft:stone_pickaxe":137,"minecraft:oak_planks":46,"minecraft:chest":1,"minecraft:wooden_pickaxe":18,"minecraft:iron_sword":6,"farmersdelight:pumpkin_slice":5,"minecraft:stone_hoe":13,"minecraft:cooked_chicken":1,"minecraft:white_wool":4,"minecraft:torch":12,"minecraft:dirt":18,"minecraft:crafting_table":4,"minecraft:carrot":10,"minecraft:birch_door":1,"butchersdelight:deadchickenblock":2,"minecraft:wooden_axe":56,"minecraft:iron_pickaxe":1,"botania:cyan_mystical_flower":1,"minecraft:stone_axe":45,"farmersdelight:cutting_board":2,"minecraft:cobblestone":9,"minecraft:furnace":3,"minecraft:bucket":1,"comforts:sleeping_bag_white":2},"minecraft:crafted":{"minecraft:wooden_sword":1,"minecraft:oak_planks":96,"minecraft:crafting_table":3,"farmersdelight:iron_knife":1,"comforts:sleeping_bag_white":1,"minecraft:wooden_pickaxe":3,"minecraft:cooked_chicken":1,"minecraft:iron_sword":1,"minecraft:furnace":2,"minecraft:bucket":1,"minecraft:birch_planks":56,"minecraft:stone_axe":1,"minecraft:air":0,"farmersdelight:cutting_board":1,"minecraft:charcoal":12,"minecraft:stick":28,"minecraft:iron_ingot":22,"minecraft:iron_pickaxe":1,"minecraft:stone_pickaxe":2,"minecraft:wooden_axe":2,"minecraft:chest":1,"minecraft:birch_door":3,"minecraft:torch":16,"minecraft:stone_hoe":1},"minecraft:dropped":{"minecraft:iron_ingot":2,"minecraft:wooden_sword":1,"minecraft:stone_pickaxe":1},"minecraft:picked_up":{"minecraft:wooden_axe":3,"minecraft:birch_log":14,"minecraft:charcoal":3,"minecraft:crafting_table":4,"minecraft:feather":2,"minecraft:chicken":1,"minecraft:wooden_pickaxe":2,"minecraft:birch_planks":24,"minecraft:oak_log":45,"minecraft:string":2,"farmersdelight:cutting_board":1,"minecraft:dirt":94,"minecraft:wooden_sword":1,"minecraft:bone":1,"botania:cyan_mystical_flower":1,"butchersdelight:deadchickenblock":2,"butchersdelight:dead_cow":4,"minecraft:apple":1,"minecraft:bow":1,"minecraft:wheat_seeds":28,"minecraft:bucket":1,"farmersdelight:pumpkin_slice":8,"comforts:sleeping_bag_white":1,"minecraft:stone_pickaxe":7,"minecraft:iron_ore":15,"minecraft:rose_bush":2,"minecraft:iron_sword":1,"minecraft:oak_planks":8,"minecraft:furnace":1,"minecraft:stick":2,"butchersdelight:piper":12,"botania:red_mystical_flower":4,"minecraft:pumpkin":10,"minecraft:torch":33,"minecraft:dandelion":2,"minecraft:carrot":6,"minecraft:spider_eye":1,"minecraft:arrow":1,"butchersdelight:deadsheep":18,"minecraft:rotten_flesh":8,"minecraft:stone_axe":2,"minecraft:oak_sapling":3,"minecraft:white_wool":24,"minecraft:cobblestone":211}},"DataVersion":2586}