{"stats":{"minecraft:picked_up":{"minecraft:dirt":2},"minecraft:mined":{"minecraft:grass":19,"minecraft:grass_block":1,"minecraft:oak_leaves":1},"minecraft:custom":{"minecraft:jump":102,"minecraft:time_since_rest":2049,"minecraft:crouch_one_cm":429,"minecraft:damage_dealt":209,"minecraft:play_one_minute":2049,"minecraft:leave_game":1,"minecraft:sprint_one_cm":7899,"minecraft:damage_taken":69,"minecraft:time_since_death":2049,"minecraft:walk_one_cm":3357,"minecraft:sneak_time":53,"minecraft:fall_one_cm":4471,"minecraft:fly_one_cm":13572},"minecraft:used":{"minecraft:dirt":2}},"DataVersion":2586}