{"stats":{"minecraft:mined":{"biomesoplenty:jacaranda_log":1,"biomesoplenty:toadstool":1},"minecraft:used":{"biomesoplenty:toadstool":1},"minecraft:crafted":{"biomesoplenty:jacaranda_planks":4},"minecraft:picked_up":{"biomesoplenty:toadstool":1,"biomesoplenty:jacaranda_log":1},"minecraft:custom":{"minecraft:jump":135,"minecraft:time_since_rest":513,"minecraft:deaths":1,"minecraft:walk_on_water_one_cm":2855,"minecraft:sprint_one_cm":23852,"minecraft:play_time":4757,"minecraft:damage_taken":320,"minecraft:time_since_death":477,"minecraft:walk_one_cm":2993,"minecraft:climb_one_cm":128,"minecraft:total_world_time":4757,"minecraft:walk_under_water_one_cm":408,"minecraft:swim_one_cm":5117,"minecraft:fall_one_cm":8950,"minecraft:fly_one_cm":37799}},"DataVersion":3465}