{"stats":{"minecraft:mined":{"minecraft:grass":8,"minecraft:oak_log":1,"minecraft:grass_block":7,"minecraft:oak_leaves":3},"minecraft:picked_up":{"minecraft:oak_log":1,"butchersdelight:deadsheep":1,"minecraft:dirt":6,"minecraft:white_wool":1},"minecraft:killed":{"minecraft:sheep":1},"minecraft:custom":{"minecraft:jump":64,"minecraft:leave_game":1,"minecraft:time_since_rest":2708,"minecraft:damage_dealt":144,"minecraft:play_one_minute":2708,"minecraft:sprint_one_cm":7248,"minecraft:damage_taken":134,"minecraft:time_since_death":2708,"minecraft:walk_one_cm":6778,"minecraft:mob_kills":1,"minecraft:fall_one_cm":2332,"minecraft:fly_one_cm":11926}},"DataVersion":2586}