{"stats":{"minecraft:picked_up":{"gravestone:obituary":2},"minecraft:custom":{"minecraft:jump":76,"minecraft:time_since_rest":3455,"minecraft:damage_taken":430,"minecraft:leave_game":2,"minecraft:time_since_death":3424,"minecraft:play_time":4744,"minecraft:sprint_one_cm":15611,"minecraft:walk_one_cm":8416,"minecraft:deaths":1,"minecraft:total_world_time":4744,"minecraft:climb_one_cm":6243,"minecraft:fall_one_cm":6909,"minecraft:drop":2,"minecraft:fly_one_cm":10929},"minecraft:dropped":{"gravestone:obituary":2}},"DataVersion":3465}