{"stats":{"minecraft:killed_by":{"betteranimalsplus:boar":1},"minecraft:used":{"minecraft:dirt":1,"minecraft:carrot":9,"botania:red_mystical_flower":1,"butchersdelight:garlic":3},"minecraft:custom":{"minecraft:time_since_rest":1111,"minecraft:deaths":1,"minecraft:play_one_minute":7817,"minecraft:sprint_one_cm":59632,"minecraft:damage_taken":419,"minecraft:walk_one_cm":10538,"minecraft:jump":308,"minecraft:leave_game":1,"minecraft:walk_on_water_one_cm":123,"minecraft:time_since_death":1063,"minecraft:fall_one_cm":11651,"minecraft:fly_one_cm":55785},"minecraft:mined":{"butchersdelight:wild_garlic":3,"minecraft:grass_block":2,"botania:white_mystical_flower":5,"botania:orange_mystical_flower":6,"butchersdelight:piperbush":1,"botania:red_mystical_flower":5,"minecraft:lilac":4,"farmersdelight:wild_carrots":6},"minecraft:picked_up":{"botania:white_mystical_flower":5,"botania:red_mystical_flower":4,"minecraft:lilac":4,"botania:orange_mystical_flower":4,"butchersdelight:garlic":3,"minecraft:carrot":6,"minecraft:dirt":2}},"DataVersion":2586}