{"stats":{"minecraft:custom":{"minecraft:mob_kills":8,"minecraft:interact_with_crafting_table":11,"minecraft:play_one_minute":46495,"minecraft:leave_game":1,"minecraft:time_since_death":26766,"minecraft:time_since_rest":26821,"minecraft:sprint_one_cm":112784,"minecraft:damage_taken":957,"minecraft:walk_one_cm":58045,"minecraft:drop":2,"minecraft:damage_dealt":470,"minecraft:swim_one_cm":2771,"minecraft:fly_one_cm":132868,"minecraft:deaths":4,"minecraft:sneak_time":41,"minecraft:walk_under_water_one_cm":692,"minecraft:jump":694,"minecraft:walk_on_water_one_cm":17361,"minecraft:fall_one_cm":15061},"minecraft:mined":{"butchersdelight:wild_garlic":1,"biomesoplenty:orange_autumn_leaves":4,"biomesoplenty:watergrass":8,"minecraft:dark_oak_log":17,"minecraft:carved_pumpkin":2,"minecraft:crafting_table":4,"minecraft:tall_grass":38,"minecraft:seagrass":2,"farmersdelight:wild_onions":1,"botania:purple_mystical_flower":1,"farmersdelight:cutting_board":3,"minecraft:sweet_berry_bush":12,"minecraft:birch_leaves":3,"minecraft:pumpkin":10,"minecraft:grass":112,"botania:yellow_mystical_flower":2,"minecraft:oak_log":3,"minecraft:gravel":6,"minecraft:stone":8,"minecraft:oak_leaves":7,"biomesoplenty:reed":8,"minecraft:fern":2},"minecraft:killed_by":{"minecraft:skeleton":1,"minecraft:zombie":1},"minecraft:killed":{"betteranimalsplus:lamprey":3,"betteranimalsplus:pheasant":2,"minecraft:squid":1,"minecraft:chicken":1,"betteranimalsplus:goose":1},"minecraft:used":{"minecraft:wooden_pickaxe":8,"butchersdelight:garlic":1,"farmersdelight:pumpkin_slice":8,"farmersdelight:onion":1,"farmersdelight:flint_knife":8,"minecraft:crafting_table":4,"minecraft:allium":1,"botania:purple_mystical_flower":1,"betteranimalsplus:calamari_raw":1,"minecraft:wooden_axe":1,"minecraft:stone_axe":5,"betteranimalsplus:eel_meat_raw":1,"farmersdelight:cutting_board":3,"minecraft:sweet_berries":1,"minecraft:egg":2},"minecraft:crafted":{"minecraft:oak_planks":12,"minecraft:crafting_table":2,"minecraft:wooden_pickaxe":1,"farmersdelight:flint_knife":1,"minecraft:pumpkin_seeds":12,"minecraft:stone_axe":1,"farmersdelight:cutting_board":1,"minecraft:stick":16,"minecraft:stone_pickaxe":1,"minecraft:wooden_axe":2,"minecraft:stone_sword":1,"minecraft:dark_oak_planks":68},"minecraft:dropped":{"minecraft:wheat_seeds":2},"minecraft:picked_up":{"minecraft:crafting_table":4,"betteranimalsplus:calamari_raw":1,"minecraft:allium":1,"biomesoplenty:orange_autumn_sapling":1,"minecraft:flint":2,"minecraft:oak_log":3,"farmersdelight:cutting_board":3,"butchersdelight:deadchickenblock":1,"minecraft:wheat_seeds":8,"botania:purple_mystical_flower":1,"farmersdelight:pumpkin_slice":24,"butchersdelight:garlic":1,"minecraft:egg":2,"minecraft:pumpkin":10,"minecraft:sweet_berries":29,"botania:yellow_mystical_flower":2,"minecraft:gravel":4,"betteranimalsplus:pheasantraw":1,"minecraft:dark_oak_log":17,"minecraft:dark_oak_planks":56,"betteranimalsplus:eel_meat_raw":7,"farmersdelight:onion":1,"minecraft:carved_pumpkin":3,"minecraft:cobblestone":8,"betteranimalsplus:goose_egg":1}},"DataVersion":2586}