{"stats":{"minecraft:picked_up":{"minecraft:crafting_table":3,"minecraft:wheat":3,"minecraft:brown_wool":1,"minecraft:porkchop":3,"minecraft:oak_log":11,"gravestone:obituary":2,"minecraft:white_bed":1,"minecraft:spider_eye":1,"minecraft:dirt":18,"biomesoplenty:flowering_oak_sapling":1,"biomesoplenty:jacaranda_log":3,"minecraft:wheat_seeds":10,"minecraft:hay_block":2,"minecraft:melon_slice":24,"minecraft:mutton":12,"minecraft:white_wool":6,"minecraft:egg":1},"minecraft:killed_by":{"minecraft:creeper":1},"minecraft:crafted":{"minecraft:oak_planks":4,"biomesoplenty:jacaranda_planks":12,"minecraft:crafting_table":1,"minecraft:stick":4,"minecraft:wooden_pickaxe":1,"minecraft:wooden_axe":1,"minecraft:white_bed":1,"minecraft:bread":7,"minecraft:wheat":18},"minecraft:dropped":{"minecraft:wheat_seeds":1,"minecraft:melon_slice":1,"gravestone:obituary":4},"minecraft:killed":{"minecraft:sheep":7,"minecraft:pig":2,"minecraft:spider":1},"minecraft:custom":{"minecraft:time_since_rest":4330,"minecraft:sprint_one_cm":116358,"minecraft:damage_taken":915,"minecraft:walk_one_cm":56696,"minecraft:mob_kills":10,"minecraft:drop":6,"minecraft:damage_dealt":1061,"minecraft:swim_one_cm":4459,"minecraft:interact_with_crafting_table":3,"minecraft:fly_one_cm":132402,"minecraft:play_time":24966,"minecraft:deaths":2,"minecraft:sneak_time":12,"minecraft:walk_under_water_one_cm":286,"minecraft:jump":616,"minecraft:leave_game":4,"minecraft:time_since_death":16759,"minecraft:walk_on_water_one_cm":4303,"minecraft:sleep_in_bed":1,"minecraft:total_world_time":24966,"minecraft:climb_one_cm":7201,"minecraft:fall_one_cm":27615},"minecraft:mined":{"minecraft:hay_block":2,"biomesoplenty:jacaranda_log":3,"minecraft:white_bed":1,"minecraft:wheat":3,"minecraft:crafting_table":3,"gravestone:gravestone":1,"minecraft:grass":9,"biomesoplenty:bush":6,"minecraft:oak_log":7,"minecraft:melon":4,"biomesoplenty:sprout":2,"minecraft:oak_leaves":2,"biomesoplenty:reed":3,"minecraft:fern":1},"minecraft:used":{"minecraft:wheat_seeds":3,"minecraft:wooden_axe":30,"minecraft:melon_slice":3,"minecraft:bread":4,"minecraft:crafting_table":3,"minecraft:white_bed":1}},"DataVersion":3465}