{"stats":{"minecraft:mined":{"biomesoplenty:watergrass":21,"thermal:tin_ore":13,"thermal:lead_ore":6,"minecraft:crafting_table":2,"minecraft:torch":2,"minecraft:tall_grass":88,"minecraft:lapis_ore":4,"minecraft:diorite":2,"minecraft:furnace":2,"farmersdelight:wild_rice":7,"minecraft:iron_ore":59,"minecraft:andesite":3,"minecraft:grass":44,"minecraft:coal_ore":204,"minecraft:oak_log":13,"thermal:copper_ore":13,"minecraft:stone":75,"minecraft:oak_leaves":7,"biomesoplenty:reed":8},"minecraft:custom":{"minecraft:interact_with_furnace":24,"minecraft:mob_kills":5,"minecraft:interact_with_crafting_table":11,"minecraft:play_one_minute":52196,"minecraft:time_since_death":2140,"minecraft:time_since_rest":2198,"minecraft:sprint_one_cm":29574,"minecraft:damage_taken":1009,"minecraft:walk_one_cm":189563,"minecraft:damage_dealt":1275,"minecraft:swim_one_cm":793,"minecraft:fly_one_cm":79886,"minecraft:crouch_one_cm":962,"minecraft:deaths":4,"minecraft:sneak_time":396,"minecraft:walk_under_water_one_cm":1538,"minecraft:jump":632,"minecraft:walk_on_water_one_cm":38937,"minecraft:fall_one_cm":3125},"minecraft:broken":{"minecraft:stone_pickaxe":2},"minecraft:killed_by":{"minecraft:skeleton":2,"betteranimalsplus:boar":1,"minecraft:zombie":1},"minecraft:killed":{"minecraft:spider":1,"minecraft:creeper":1,"minecraft:skeleton":2,"betteranimalsplus:goose":1},"minecraft:used":{"minecraft:diorite":1,"minecraft:stone_pickaxe":374,"minecraft:wooden_pickaxe":7,"minecraft:iron_sword":10,"minecraft:torch":28,"minecraft:crafting_table":4,"minecraft:wooden_axe":40,"minecraft:iron_pickaxe":128,"minecraft:cobblestone":19,"minecraft:furnace":4},"minecraft:crafted":{"minecraft:oak_planks":44,"minecraft:crafting_table":3,"thermal:copper_ingot":7,"minecraft:wooden_pickaxe":1,"minecraft:iron_helmet":1,"minecraft:iron_sword":1,"minecraft:furnace":4,"minecraft:air":0,"minecraft:iron_boots":1,"minecraft:iron_chestplate":1,"minecraft:stick":36,"minecraft:iron_ingot":44,"minecraft:iron_pickaxe":2,"minecraft:stone_pickaxe":2,"minecraft:wooden_axe":1,"minecraft:iron_leggings":1,"minecraft:torch":92,"thermal:tin_ingot":7},"minecraft:picked_up":{"minecraft:wooden_axe":3,"thermal:lead_ore":12,"minecraft:iron_chestplate":1,"minecraft:crafting_table":3,"farmersdelight:rice":12,"minecraft:andesite":8,"minecraft:wooden_pickaxe":3,"minecraft:oak_log":13,"minecraft:gunpowder":4,"minecraft:lapis_lazuli":60,"thermal:tin_ingot":21,"minecraft:iron_leggings":1,"minecraft:bone":8,"thermal:copper_ore":13,"minecraft:wheat_seeds":62,"botania:gray_mushroom":2,"minecraft:iron_ingot":21,"minecraft:stone_pickaxe":1,"minecraft:iron_ore":86,"minecraft:iron_pickaxe":2,"minecraft:iron_sword":1,"minecraft:oak_planks":50,"minecraft:iron_boots":1,"minecraft:furnace":4,"minecraft:stick":4,"thermal:copper_ingot":21,"minecraft:torch":94,"minecraft:diorite":7,"minecraft:spider_eye":4,"minecraft:arrow":8,"thermal:tin_ore":18,"minecraft:iron_helmet":3,"minecraft:coal":447,"minecraft:cobblestone":103,"betteranimalsplus:goose_egg":4}},"DataVersion":2586}