{"stats":{"minecraft:custom":{"minecraft:interact_with_furnace":12,"minecraft:mob_kills":5,"minecraft:interact_with_crafting_table":17,"goblintraders:trade_with_goblin":2,"minecraft:play_one_minute":71542,"minecraft:leave_game":1,"minecraft:time_since_death":2264,"minecraft:climb_one_cm":549,"minecraft:time_since_rest":2291,"minecraft:sprint_one_cm":142188,"minecraft:damage_taken":1728,"minecraft:walk_one_cm":61794,"minecraft:drop":9,"minecraft:damage_dealt":1614,"minecraft:swim_one_cm":1534,"minecraft:fly_one_cm":259906,"minecraft:player_kills":1,"minecraft:open_chest":4,"minecraft:crouch_one_cm":26523,"minecraft:deaths":6,"minecraft:sneak_time":10620,"minecraft:walk_under_water_one_cm":2484,"minecraft:jump":1394,"minecraft:walk_on_water_one_cm":14397,"minecraft:fall_one_cm":32963},"minecraft:mined":{"minecraft:diamond_ore":40,"biomesoplenty:watergrass":2,"botania:orange_mystical_flower":1,"farmersdelight:wild_carrots":4,"minecraft:crafting_table":1,"minecraft:granite":43,"minecraft:grass_block":5,"minecraft:brown_mushroom_block":3,"minecraft:cobblestone":4,"minecraft:tall_grass":21,"minecraft:spruce_leaves":10,"minecraft:oak_planks":2,"minecraft:diorite":28,"minecraft:large_fern":1,"minecraft:redstone_ore":1,"minecraft:furnace":1,"biomesoplenty:toadstool":1,"minecraft:birch_log":3,"minecraft:iron_ore":69,"minecraft:sweet_berry_bush":39,"minecraft:andesite":21,"minecraft:birch_leaves":2,"minecraft:spruce_log":17,"biomesoplenty:fir_log":3,"minecraft:grass":8,"thermal:silver_ore":5,"minecraft:coal_ore":36,"minecraft:oak_log":15,"minecraft:gravel":3,"minecraft:dirt":19,"minecraft:stone":454,"minecraft:oak_leaves":6,"minecraft:fern":5},"minecraft:broken":{"minecraft:stone_pickaxe":1},"minecraft:killed_by":{"minecraft:skeleton":1,"minecraft:witch":1,"minecraft:zombie":1},"minecraft:killed":{"betteranimalsplus:lamprey":1,"minecraft:pig":1,"minecraft:witch":1,"betteranimalsplus:boar":1,"betteranimalsplus:moose":1},"minecraft:used":{"minecraft:stone_pickaxe":171,"minecraft:stone_shovel":21,"minecraft:spruce_planks":4,"minecraft:wooden_pickaxe":26,"minecraft:diamond_axe":21,"minecraft:white_wool":2,"betteranimalsplus:goose_egg":2,"minecraft:dirt":11,"minecraft:crafting_table":8,"minecraft:carrot":9,"botania:purple_mystical_flower":1,"minecraft:granite":11,"betteranimalsplus:calamari_raw":1,"minecraft:wooden_axe":22,"minecraft:diamond_pickaxe":365,"minecraft:iron_pickaxe":151,"biomesoplenty:toadstool":1,"minecraft:gravel":2,"minecraft:stone_axe":45,"minecraft:bow":2,"minecraft:cobblestone":78,"minecraft:sweet_berries":59,"minecraft:furnace":2,"minecraft:andesite":14},"minecraft:crafted":{"minecraft:oak_planks":36,"minecraft:stone_shovel":1,"minecraft:diamond_axe":1,"minecraft:crafting_table":8,"minecraft:spruce_planks":68,"minecraft:wooden_pickaxe":3,"minecraft:furnace":1,"minecraft:bucket":1,"minecraft:diamond_shovel":1,"minecraft:birch_planks":12,"minecraft:stone_axe":1,"minecraft:air":0,"biomesoplenty:fir_planks":8,"minecraft:diamond_helmet":1,"minecraft:diamond_leggings":1,"minecraft:charcoal":4,"minecraft:diamond_pickaxe":1,"minecraft:shield":1,"minecraft:stick":24,"minecraft:iron_ingot":13,"minecraft:iron_pickaxe":1,"minecraft:stone_pickaxe":2,"minecraft:wooden_axe":1,"minecraft:diamond_boots":1,"minecraft:diamond_chestplate":1},"minecraft:dropped":{"minecraft:wheat_seeds":1,"minecraft:oak_log":6,"butchersdelight:deadsheep":1,"minecraft:oak_planks":59,"minecraft:stick":11,"betteranimalsplus:calamari_raw":2,"minecraft:wooden_axe":1,"minecraft:oak_sapling":3,"betteranimalsplus:eel_meat_raw":1},"minecraft:picked_up":{"minecraft:wooden_axe":1,"minecraft:birch_log":3,"minecraft:crafting_table":2,"betteranimalsplus:calamari_raw":3,"minecraft:andesite":21,"minecraft:brown_mushroom":2,"betteranimalsplus:venisonraw":5,"biomesoplenty:fir_log":2,"minecraft:flint":1,"butchersdelight:deadpig":1,"minecraft:oak_log":15,"minecraft:dirt":24,"minecraft:wheat_seeds":6,"minecraft:iron_ingot":2,"betteranimalsplus:antler":2,"botania:purple_mystical_flower":1,"minecraft:iron_ore":68,"minecraft:glass_bottle":2,"minecraft:oak_planks":71,"minecraft:furnace":1,"biomesoplenty:toadstool":1,"minecraft:stick":13,"minecraft:sweet_berries":81,"minecraft:gravel":2,"minecraft:spruce_sapling":1,"minecraft:ink_sac":2,"minecraft:diorite":28,"minecraft:spruce_log":17,"minecraft:carrot":5,"minecraft:redstone":5,"betteranimalsplus:eel_meat_raw":1,"thermal:silver_ore":5,"butchersdelight:deadsheep":3,"minecraft:diamond":40,"botania:orange_mystical_flower":1,"minecraft:granite":43,"minecraft:oak_sapling":4,"minecraft:coal":34,"betteranimalsplus:goose_egg":2,"minecraft:white_wool":2,"minecraft:cobblestone":456}},"DataVersion":2586}